{"cameraMode":{"drawMode":0,"name":"Shaded","section":"Shading Mode"},"sceneLighting":false,"audioPlay":false,"sceneViewState":{"showFog":true,"showMaterialUpdate":false,"showSkybox":false,"showFlares":true,"showImageEffects":true,"showParticleSystems":true},"in2DMode":false,"pivot":{"x":0.19599997997283936,"y":-1.0540000200271607,"z":0.0},"rotation":{"x":0.019170191138982774,"y":-0.04438059777021408,"z":-0.0008519105613231659,"w":-0.9988303780555725},"size":1.9045133590698243,"orthographic":false}